{"claimtime": 3733.070891669663, "claimcounter": 2, "claimnumber": "6_2", "claimreporttime": 66718.0785065027}
{"claimtime": 3228.4665699316747, "claimcounter": 2, "claimnumber": "8_2", "claimreporttime": 958692.332526784}
