{"pvar1": 1, "policyendtime": 997.689727934423, "policy": 2, "policystarttime": 83.59820044218392, "pvar0": 2}
{"pvar1": 5, "policyendtime": 3012.2023776681976, "policy": 2, "policystarttime": 1675.1796612706603, "pvar0": 1}
{"pvar1": 4, "policyendtime": 840.4890973589163, "policy": 3, "policystarttime": 30.494245190355837, "pvar0": 0}
